{
    "pitch_mean": 183.765561168114,
    "pitch_95": 269.909531570639,
    "pitch_05": 139.171155880032,
    "intensity_mean": 43.6078623103851,
    "jitter": 0.010031774070946,
    "shimmer": 0.101117281594572,
    "nhr": 0.22621229676401,
    "rate": 5.30225495371613,
    "duration": 0.744181888845705
}