{
    "mean": {
        "pitch_mean": 5.369455324174939,
        "pitch_95": 5.761803967767246,
        "pitch_05": 4.973299479982567,
        "intensity_mean": 4.253025153814449,
        "jitter": -4.454543569693279,
        "shimmer": -2.2532142542074447,
        "nhr": -1.8388603427471946,
        "duration": 1.8126500253274078,
        "rate": 2.591429317606631,
        "pitch_range": 0.7885044877846793
    },
    "std": {
        "pitch_mean": 0.07961127258414294,
        "pitch_95": 0.1627864197047785,
        "pitch_05": 0.11755176365670299,
        "intensity_mean": 0.017705809745744757,
        "jitter": 0.16639051178613457,
        "shimmer": 0.11123513374802001,
        "nhr": 0.181682210424668,
        "duration": 0.40782492765955963,
        "rate": 0.20033434443016415,
        "pitch_range": 0.19984316431101054
    }
}