{
    "mean": {
        "pitch_mean": 215.42905895299285,
        "pitch_95": 322.3699276131035,
        "pitch_05": 145.43186356465452,
        "intensity_mean": 70.32884185217075,
        "jitter": 0.011787174605980867,
        "shimmer": 0.10570922032405303,
        "nhr": 0.16164802899554676,
        "duration": 6.578088155994709,
        "rate": 15.698060637270599,
        "pitch_range": 176.938064048449
    },
    "std": {
        "pitch_mean": 17.249481017829076,
        "pitch_95": 56.97142019012267,
        "pitch_05": 15.443835693354584,
        "intensity_mean": 1.2465014609568807,
        "jitter": 0.0019728797878175264,
        "shimmer": 0.011718577023250474,
        "nhr": 0.02978697575085589,
        "duration": 2.1846957788314856,
        "rate": 78.32053733149414,
        "pitch_range": 58.93715141413307
    }
}